Requirement,Actual,Captured,True Captured,Recall,Precision
1.1.1.4.2,49,121,34,0.6938775510204082,0.2809917355371901
1.1.2.14.2,32,412,30,0.9375,0.07281553398058252
1.1.2.2,20,421,19,0.95,0.04513064133016627
1.1.1.2.1,27,212,22,0.8148148148148148,0.10377358490566038
1.1.3.2.5.1,33,194,28,0.8484848484848485,0.14432989690721648
1.1.3.2.6.1,8,336,8,1.0,0.023809523809523808
1.1.2.14.1,54,488,52,0.9629629629629629,0.10655737704918032
1.1.2.15.1,14,355,10,0.7142857142857143,0.028169014084507043
