Requirement,Actual,Captured,True Captured,Recall,Precision
1.1.1.4.2,49,7,6,0.12244897959183673,0.8571428571428571
1.1.2.14.2,32,20,5,0.15625,0.25
1.1.2.2,20,37,10,0.5,0.2702702702702703
1.1.1.2.1,27,6,4,0.14814814814814814,0.6666666666666666
1.1.3.2.5.1,33,24,10,0.30303030303030304,0.4166666666666667
1.1.3.2.6.1,8,29,1,0.125,0.034482758620689655
1.1.2.14.1,54,16,9,0.16666666666666666,0.5625
1.1.2.15.1,14,16,6,0.42857142857142855,0.375
