Requirement,Actual,Captured,True Captured,Recall,Precision
1.1.1.4.2,49,13,6,0.12244897959183673,0.46153846153846156
1.1.2.14.2,32,132,23,0.71875,0.17424242424242425
1.1.2.2,20,101,12,0.6,0.1188118811881188
1.1.1.2.1,27,56,17,0.6296296296296297,0.30357142857142855
1.1.3.2.5.1,33,28,8,0.24242424242424243,0.2857142857142857
1.1.3.2.6.1,8,68,5,0.625,0.07352941176470588
1.1.2.14.1,54,239,42,0.7777777777777778,0.17573221757322174
1.1.2.15.1,14,69,7,0.5,0.10144927536231885
