Requirement,Actual,Captured,True Captured,Recall,Precision
1.1.1.4.2,49,1,0,0.0,0.0
1.1.2.14.2,32,5,4,0.125,0.8
1.1.2.2,20,18,9,0.45,0.5
1.1.1.2.1,27,3,2,0.07407407407407407,0.6666666666666666
1.1.3.2.5.1,33,10,2,0.06060606060606061,0.2
1.1.3.2.6.1,8,10,1,0.125,0.1
1.1.2.14.1,54,5,5,0.09259259259259259,1.0
1.1.2.15.1,14,8,4,0.2857142857142857,0.5
