Requirement,Actual,Captured,True Captured,Recall,Precision
1.1.1.4.2,49,439,49,1.0,0.11161731207289294
1.1.2.14.2,32,579,32,1.0,0.055267702936096716
1.1.2.2,20,595,20,1.0,0.03361344537815126
1.1.1.2.1,27,483,27,1.0,0.055900621118012424
1.1.3.2.5.1,33,535,33,1.0,0.0616822429906542
1.1.3.2.6.1,8,601,8,1.0,0.013311148086522463
1.1.2.14.1,54,621,54,1.0,0.08695652173913043
1.1.2.15.1,14,568,13,0.9285714285714286,0.022887323943661973
