Requirement,Actual,Captured,True Captured,Recall,Precision
1.1.1.4.2,49,65,27,0.5510204081632653,0.4153846153846154
1.1.2.14.2,32,168,28,0.875,0.16666666666666666
1.1.2.2,20,144,15,0.75,0.10416666666666667
1.1.1.2.1,27,54,13,0.48148148148148145,0.24074074074074073
1.1.3.2.5.1,33,164,27,0.8181818181818182,0.16463414634146342
1.1.3.2.6.1,8,190,7,0.875,0.03684210526315789
1.1.2.14.1,54,202,31,0.5740740740740741,0.15346534653465346
1.1.2.15.1,14,145,10,0.7142857142857143,0.06896551724137931
