Requirement,Actual,Captured,True Captured,Recall,Precision
1.1.1.4.2,49,46,18,0.3673469387755102,0.391304347826087
1.1.2.14.2,32,269,29,0.90625,0.10780669144981413
1.1.2.2,20,254,16,0.8,0.06299212598425197
1.1.1.2.1,27,119,20,0.7407407407407407,0.16806722689075632
1.1.3.2.5.1,33,101,17,0.5151515151515151,0.16831683168316833
1.1.3.2.6.1,8,166,8,1.0,0.04819277108433735
1.1.2.14.1,54,392,49,0.9074074074074074,0.125
1.1.2.15.1,14,180,8,0.5714285714285714,0.044444444444444446
