Requirement,Actual,Captured,True Captured,Recall,Precision
1.1.1.4.2,49,56,37,0.7551020408163265,0.6607142857142857
1.1.2.14.2,32,176,32,1.0,0.18181818181818182
1.1.2.2,20,114,20,1.0,0.17543859649122806
1.1.1.2.1,27,67,20,0.7407407407407407,0.29850746268656714
1.1.3.2.5.1,33,229,33,1.0,0.14410480349344978
1.1.3.2.6.1,8,264,8,1.0,0.030303030303030304
1.1.2.14.1,54,269,42,0.7777777777777778,0.15613382899628253
1.1.2.15.1,14,191,9,0.6428571428571429,0.04712041884816754
