Requirement,Actual,Captured,True Captured,Recall,Precision
1.1.1.4.2,49,660,49,1.0,0.07424242424242425
1.1.2.14.2,32,686,32,1.0,0.04664723032069971
1.1.2.2,20,686,20,1.0,0.029154518950437316
1.1.1.2.1,27,663,27,1.0,0.04072398190045249
1.1.3.2.5.1,33,684,33,1.0,0.04824561403508772
1.1.3.2.6.1,8,689,8,1.0,0.011611030478955007
1.1.2.14.1,54,686,54,1.0,0.07871720116618076
1.1.2.15.1,14,685,14,1.0,0.020437956204379562
