Requirement,Actual,Captured,True Captured,Recall,Precision
1.1.1.4.2,49,256,44,0.8979591836734694,0.171875
1.1.2.14.2,32,515,32,1.0,0.062135922330097085
1.1.2.2,20,511,20,1.0,0.03913894324853229
1.1.1.2.1,27,366,27,1.0,0.07377049180327869
1.1.3.2.5.1,33,374,32,0.9696969696969697,0.0855614973262032
1.1.3.2.6.1,8,506,8,1.0,0.015810276679841896
1.1.2.14.1,54,565,54,1.0,0.09557522123893805
1.1.2.15.1,14,482,12,0.8571428571428571,0.024896265560165973
