Requirement,Actual,Captured,True Captured,Recall,Precision
1.1.1.4.2,49,557,49,1.0,0.08797127468581688
1.1.2.14.2,32,637,32,1.0,0.05023547880690738
1.1.2.2,20,641,20,1.0,0.031201248049921998
1.1.1.2.1,27,554,27,1.0,0.048736462093862815
1.1.3.2.5.1,33,624,33,1.0,0.052884615384615384
1.1.3.2.6.1,8,657,8,1.0,0.0121765601217656
1.1.2.14.1,54,656,54,1.0,0.08231707317073171
1.1.2.15.1,14,633,14,1.0,0.022116903633491312
