Requirement,Actual,Captured,True Captured,Recall,Precision
1.1.1.4.2,49,682,49,1.0,0.0718475073313783
1.1.2.14.2,32,689,32,1.0,0.04644412191582003
1.1.2.2,20,689,20,1.0,0.02902757619738752
1.1.1.2.1,27,685,27,1.0,0.03941605839416058
1.1.3.2.5.1,33,689,33,1.0,0.047895500725689405
1.1.3.2.6.1,8,689,8,1.0,0.011611030478955007
1.1.2.14.1,54,689,54,1.0,0.0783744557329463
1.1.2.15.1,14,688,14,1.0,0.020348837209302327
