Requirement,Actual,Captured,True Captured,Recall,Precision
1.1.1.4.2,49,621,49,1.0,0.07890499194847021
1.1.2.14.2,32,670,32,1.0,0.04776119402985075
1.1.2.2,20,671,20,1.0,0.029806259314456036
1.1.1.2.1,27,619,27,1.0,0.04361873990306947
1.1.3.2.5.1,33,675,33,1.0,0.04888888888888889
1.1.3.2.6.1,8,681,8,1.0,0.011747430249632892
1.1.2.14.1,54,678,54,1.0,0.07964601769911504
1.1.2.15.1,14,663,14,1.0,0.021116138763197588
