Requirement,Actual,Captured,True Captured,Recall,Precision
1.1.1.4.2,49,689,49,1.0,0.07111756168359942
1.1.2.14.2,32,689,32,1.0,0.04644412191582003
1.1.2.2,20,689,20,1.0,0.02902757619738752
1.1.1.2.1,27,688,27,1.0,0.03924418604651163
1.1.3.2.5.1,33,689,33,1.0,0.047895500725689405
1.1.3.2.6.1,8,689,8,1.0,0.011611030478955007
1.1.2.14.1,54,689,54,1.0,0.0783744557329463
1.1.2.15.1,14,689,14,1.0,0.020319303338171262
