Requirement,Actual,Captured,True Captured,Recall,Precision
1.1.1.4.2,49,1,0,0.0,0.0
1.1.2.14.2,32,2,1,0.03125,0.5
1.1.2.2,20,10,6,0.3,0.6
1.1.1.2.1,27,1,0,0.0,0.0
1.1.3.2.5.1,33,3,1,0.030303030303030304,0.3333333333333333
1.1.3.2.6.1,8,5,1,0.125,0.2
1.1.2.14.1,54,3,3,0.05555555555555555,1.0
1.1.2.15.1,14,6,3,0.21428571428571427,0.5
