Requirement,Actual,Captured,True Captured,Recall,Precision
1.1.1.4.2,49,18,15,0.30612244897959184,0.8333333333333334
1.1.2.14.2,32,45,9,0.28125,0.2
1.1.2.2,20,53,13,0.65,0.24528301886792453
1.1.1.2.1,27,10,6,0.2222222222222222,0.6
1.1.3.2.5.1,33,58,18,0.5454545454545454,0.3103448275862069
1.1.3.2.6.1,8,68,4,0.5,0.058823529411764705
1.1.2.14.1,54,60,18,0.3333333333333333,0.3
1.1.2.15.1,14,40,8,0.5714285714285714,0.2
